X,Y,Diameter (m),Area,Perimeter,Circularity,AspectRatio,ShapeType,Cluster,SizeLabel
623,1597,12.37,44.0,30.49,0.59,2.17,Elongated,2,Small
1466,1595,16.55,59.5,41.56,0.43,2.0,Elongated,2,Small
1375,1596,19.93,91.5,45.56,0.55,2.5,Elongated,0,Medium
868,1595,8.06,22.0,20.49,0.66,0.75,Irregular,2,Small
1157,1595,10.65,39.5,26.73,0.69,1.0,Irregular,2,Small
802,1595,11.31,38.0,37.31,0.34,1.11,Irregular,2,Small
384,1590,5.83,14.0,15.66,0.72,1.2,Irregular,2,Small
535,1594,12.99,51.5,36.73,0.48,0.92,Irregular,2,Small
234,1593,14.87,76.5,38.73,0.64,1.0,Irregular,2,Small
856,1593,15.0,71.5,42.38,0.5,0.77,Irregular,2,Small
725,1590,9.49,25.0,24.49,0.52,0.5,Elongated,2,Small
438,1587,6.32,11.5,15.07,0.64,1.75,Elongated,2,Small
790,1585,5.39,15.5,15.07,0.86,0.83,Irregular,2,Small
567,1590,19.72,88.5,48.38,0.48,0.61,Elongated,0,Medium
1163,1582,5.39,10.5,13.07,0.77,0.67,Elongated,2,Small
1387,1581,8.06,10.5,17.9,0.41,1.6,Elongated,2,Small
72,1582,8.06,28.0,21.31,0.77,0.88,Irregular,2,Small
1296,1579,7.62,19.5,18.73,0.7,1.33,Irregular,2,Small
1218,1588,32.65,246.5,79.01,0.5,1.17,Irregular,0,Medium
151,1582,12.21,21.0,28.14,0.33,0.73,Irregular,2,Small
1409,1576,9.25,17.5,21.56,0.47,1.0,Irregular,2,Small
1501,1575,12.21,36.5,29.56,0.53,1.22,Irregular,2,Small
1484,1575,15.0,48.5,35.21,0.49,1.18,Irregular,2,Small
1571,1572,10.77,42.0,27.31,0.71,1.57,Elongated,2,Small
604,1577,18.28,137.5,69.36,0.36,0.79,Irregular,2,Small
360,1584,32.06,309.0,98.77,0.4,0.68,Elongated,0,Medium
1571,1587,60.93,837.5,215.78,0.23,1.78,Elongated,1,Large
619,1570,4.47,11.5,13.07,0.85,1.0,Irregular,2,Small
417,1568,8.54,24.5,21.07,0.69,1.8,Elongated,2,Small
667,1584,45.14,554.0,134.23,0.39,1.11,Irregular,1,Large
61,1567,6.4,10.0,14.49,0.6,1.2,Irregular,2,Small
962,1565,6.32,19.5,17.07,0.84,1.4,Irregular,2,Small
635,1571,14.87,70.5,38.38,0.6,0.6,Elongated,2,Small
514,1568,11.4,20.0,26.14,0.37,0.8,Irregular,2,Small
540,1573,37.8,180.0,90.57,0.28,1.19,Irregular,0,Medium
589,1579,49.2,322.0,125.4,0.26,0.8,Irregular,1,Large
460,1563,7.62,31.0,21.31,0.86,0.88,Irregular,2,Small
270,1565,18.44,53.5,42.87,0.37,1.07,Irregular,2,Small
255,1559,5.83,10.0,13.66,0.67,0.67,Elongated,2,Small
1393,1566,21.61,156.0,75.25,0.35,0.9,Irregular,0,Medium
535,1561,10.77,40.0,26.97,0.69,0.73,Irregular,2,Small
1166,1559,8.54,30.0,22.14,0.77,0.78,Irregular,2,Small
613,1558,8.23,40.5,23.9,0.89,1.0,Round,2,Small
9,1554,7.81,10.0,17.31,0.42,1.17,Irregular,2,Small
467,1576,68.68,666.5,241.04,0.14,1.14,Irregular,1,Large
46,1554,9.56,47.5,27.56,0.79,1.11,Irregular,2,Small
1119,1555,14.49,69.5,44.87,0.43,1.0,Irregular,2,Small
408,1549,7.84,27.0,21.31,0.75,0.88,Irregular,2,Small
1306,1550,11.66,26.5,27.56,0.44,0.64,Elongated,2,Small
1148,1546,8.6,28.0,22.14,0.72,1.0,Irregular,2,Small
1279,1548,20.81,55.5,50.87,0.27,1.2,Irregular,0,Medium
297,1543,5.1,11.5,13.07,0.85,0.67,Elongated,2,Small
329,1544,8.94,27.5,22.73,0.67,0.78,Irregular,2,Small
1134,1547,20.12,84.5,52.87,0.38,0.63,Elongated,0,Medium
599,1540,7.81,15.5,17.9,0.61,1.17,Irregular,2,Small
426,1543,13.45,23.5,30.38,0.32,0.91,Irregular,2,Small
1513,1550,48.26,290.5,110.81,0.3,1.5,Irregular,1,Large
631,1546,27.02,130.0,72.43,0.31,1.1,Irregular,0,Medium
1219,1536,9.9,19.0,22.14,0.49,1.0,Irregular,2,Small
1515,1536,15.81,75.5,38.38,0.64,1.27,Irregular,2,Small
497,1536,10.46,35.5,26.73,0.62,1.57,Elongated,2,Small
592,1544,34.18,348.5,95.84,0.48,0.93,Irregular,0,Medium
367,1534,8.49,13.5,18.73,0.48,1.0,Irregular,2,Small
1029,1533,8.25,35.5,23.56,0.8,1.12,Irregular,2,Small
124,1539,26.25,102.5,60.18,0.36,1.11,Irregular,0,Medium
1038,1530,5.7,15.0,15.66,0.77,0.83,Irregular,2,Small
1411,1530,9.43,19.0,22.14,0.49,1.29,Irregular,2,Small
708,1531,9.28,31.0,25.31,0.61,0.6,Elongated,2,Small
287,1529,4.47,12.5,13.07,0.92,1.0,Round,2,Small
1538,1526,12.65,30.0,30.14,0.41,2.17,Elongated,2,Small
1130,1524,5.0,11.0,12.83,0.84,1.25,Irregular,2,Small
1551,1535,34.41,206.0,107.05,0.23,0.76,Irregular,0,Medium
1513,1524,13.6,43.0,32.97,0.5,1.33,Irregular,2,Small
1061,1522,5.39,11.5,14.24,0.71,0.67,Elongated,2,Small
497,1524,9.22,25.0,23.31,0.58,0.6,Elongated,2,Small
396,1524,13.6,51.5,33.21,0.59,1.09,Irregular,2,Small
439,1526,27.02,94.0,65.6,0.27,1.22,Irregular,0,Medium
233,1526,25.81,77.5,59.36,0.28,1.29,Irregular,0,Medium
1414,1519,5.83,10.0,14.49,0.6,0.83,Irregular,2,Small
1028,1522,15.26,73.0,43.8,0.48,1.27,Irregular,2,Small
481,1539,57.32,384.0,186.65,0.14,0.98,Irregular,1,Large
1350,1517,12.04,25.5,27.56,0.42,0.9,Irregular,2,Small
1048,1515,7.07,17.5,17.07,0.75,1.0,Irregular,2,Small
1502,1529,40.31,194.0,117.05,0.18,0.67,Elongated,0,Medium
1215,1517,13.6,72.5,36.73,0.68,0.92,Irregular,2,Small
557,1526,31.78,222.0,77.6,0.46,0.57,Elongated,0,Medium
1127,1513,15.18,77.5,44.04,0.5,1.45,Irregular,2,Small
1483,1512,7.81,16.0,18.49,0.59,0.86,Irregular,2,Small
134,1511,6.4,13.5,15.07,0.75,0.83,Irregular,2,Small
482,1510,5.83,14.5,15.07,0.8,0.83,Irregular,2,Small
1036,1508,5.44,15.5,15.07,0.86,0.83,Irregular,2,Small
1416,1509,9.43,13.5,21.9,0.35,0.67,Elongated,2,Small
1002,1506,6.41,15.0,16.83,0.67,1.75,Elongated,2,Small
1188,1509,17.82,80.0,44.63,0.5,1.07,Irregular,2,Small
332,1508,18.87,80.5,46.38,0.47,1.42,Irregular,2,Small
1022,1511,21.93,129.0,55.11,0.53,1.4,Irregular,0,Medium
587,1514,27.73,130.5,79.36,0.26,0.65,Elongated,0,Medium
1129,1502,6.4,10.0,14.49,0.6,0.83,Irregular,2,Small
1013,1503,8.43,22.0,23.31,0.51,0.78,Irregular,2,Small
571,1511,25.96,69.5,66.53,0.2,0.54,Elongated,0,Medium
556,1501,5.83,21.0,17.66,0.85,1.0,Irregular,2,Small
1596,1502,10.0,27.5,23.9,0.61,0.78,Irregular,2,Small
536,1500,5.83,18.5,16.24,0.88,1.2,Irregular,2,Small
465,1501,6.9,23.5,19.9,0.75,1.0,Irregular,2,Small
1447,1518,45.35,206.0,100.77,0.25,0.31,Elongated,1,Large
1400,1499,10.82,33.0,26.97,0.57,1.11,Irregular,2,Small
1341,1498,6.4,11.5,15.07,0.64,1.2,Irregular,2,Small
1156,1499,11.45,57.5,31.56,0.73,1.33,Irregular,2,Small
230,1496,7.81,16.5,17.9,0.65,0.86,Irregular,2,Small
1115,1495,10.87,47.0,29.31,0.69,0.73,Irregular,2,Small
544,1493,6.32,17.5,17.07,0.75,0.71,Irregular,2,Small
1127,1492,8.06,30.5,22.24,0.77,0.75,Irregular,2,Small
138,1493,10.63,26.5,24.73,0.54,0.89,Irregular,2,Small
473,1496,19.24,106.5,55.7,0.43,0.67,Elongated,2,Small
175,1497,28.32,87.0,63.25,0.27,0.95,Irregular,0,Medium
1581,1485,7.28,11.5,17.07,0.5,2.0,Elongated,2,Small
968,1488,10.77,41.5,26.73,0.73,0.64,Elongated,2,Small
305,1486,13.89,46.0,32.14,0.56,1.62,Elongated,2,Small
394,1498,46.69,267.5,157.1,0.14,1.0,Irregular,1,Large
342,1487,20.81,71.5,48.04,0.39,1.38,Irregular,0,Medium
1004,1489,25.61,153.5,67.36,0.43,1.1,Irregular,0,Medium
209,1484,11.4,38.0,28.14,0.6,0.9,Irregular,2,Small
1222,1494,40.36,235.5,103.64,0.28,0.94,Irregular,0,Medium
260,1487,28.6,110.0,64.77,0.33,1.33,Irregular,0,Medium
227,1483,9.22,31.5,25.56,0.61,0.8,Irregular,2,Small
1560,1485,21.63,94.0,51.94,0.44,1.19,Irregular,0,Medium
1142,1484,15.28,76.0,41.46,0.56,1.0,Irregular,2,Small
436,1491,39.66,124.5,94.18,0.18,0.68,Elongated,0,Medium
368,1481,13.0,45.0,32.14,0.55,0.62,Elongated,2,Small
1512,1477,9.43,36.5,24.73,0.75,1.12,Irregular,2,Small
1217,1475,6.4,16.0,15.66,0.82,1.2,Irregular,2,Small
1596,1477,11.52,48.0,30.49,0.65,0.73,Irregular,2,Small
400,1481,24.21,79.5,55.7,0.32,0.8,Irregular,0,Medium
1025,1475,11.4,37.5,27.56,0.62,1.11,Irregular,2,Small
1586,1474,15.0,46.0,33.8,0.51,1.3,Irregular,2,Small
1554,1503,76.69,1131.0,326.68,0.13,1.55,Elongated,1,Large
636,1472,7.28,11.0,17.66,0.44,0.5,Elongated,2,Small
530,1471,6.32,17.5,19.9,0.56,1.17,Irregular,2,Small
1235,1468,7.28,22.0,19.31,0.74,1.33,Irregular,2,Small
248,1470,9.22,20.5,23.9,0.45,0.5,Elongated,2,Small
4,1471,13.45,34.0,32.14,0.41,0.91,Irregular,2,Small
1327,1466,6.71,14.0,17.31,0.59,1.17,Irregular,2,Small
363,1467,6.71,19.0,17.66,0.77,0.71,Irregular,2,Small
414,1466,14.88,47.0,34.63,0.49,1.0,Irregular,2,Small
1218,1463,8.94,18.5,21.9,0.48,1.5,Irregular,2,Small
975,1463,9.43,29.0,24.49,0.61,0.78,Irregular,2,Small
319,1461,5.83,10.5,14.24,0.65,0.67,Elongated,2,Small
1403,1459,8.6,23.0,21.31,0.64,1.14,Irregular,2,Small
426,1461,12.81,27.0,27.8,0.44,0.82,Irregular,2,Small
1233,1457,4.12,10.0,11.66,0.92,0.8,Irregular,2,Small
393,1457,7.81,27.5,21.07,0.78,1.0,Irregular,2,Small
1537,1462,18.36,54.0,44.28,0.35,0.65,Elongated,2,Small
115,1461,22.67,62.0,49.94,0.31,1.12,Irregular,0,Medium
217,1461,26.91,140.5,71.7,0.34,1.0,Irregular,0,Medium
1071,1454,7.82,29.5,21.07,0.83,0.75,Irregular,2,Small
1174,1457,16.64,74.5,42.38,0.52,0.8,Irregular,2,Small
408,1453,9.9,20.5,22.73,0.5,1.0,Irregular,2,Small
985,1454,11.8,62.5,33.56,0.7,1.0,Irregular,2,Small
262,1452,6.71,13.5,16.24,0.64,0.57,Elongated,2,Small
1127,1461,28.6,216.5,100.33,0.27,0.72,Irregular,0,Medium
66,1451,10.63,27.5,24.73,0.57,1.12,Irregular,2,Small
1144,1451,10.44,26.5,25.07,0.53,0.45,Elongated,2,Small
1318,1447,6.4,12.5,15.07,0.69,0.83,Irregular,2,Small
1262,1452,40.72,135.5,93.5,0.19,1.81,Elongated,0,Medium
1193,1452,24.45,147.5,87.5,0.24,1.28,Irregular,0,Medium
845,1448,9.49,47.0,26.97,0.81,0.9,Irregular,2,Small
1162,1451,24.08,97.0,60.77,0.33,1.29,Irregular,0,Medium
1052,1452,26.17,148.5,81.84,0.28,1.05,Irregular,0,Medium
360,1446,8.54,21.5,21.07,0.61,0.56,Elongated,2,Small
268,1445,12.04,25.0,26.97,0.43,0.9,Irregular,2,Small
473,1466,65.8,880.5,235.52,0.2,0.78,Irregular,1,Large
1537,1441,10.63,25.0,24.14,0.54,1.12,Irregular,2,Small
284,1443,11.66,32.5,26.73,0.57,0.64,Elongated,2,Small
394,1441,14.42,50.5,34.38,0.54,1.44,Irregular,2,Small
381,1440,8.94,32.0,23.31,0.74,0.78,Irregular,2,Small
1202,1437,4.47,10.0,12.83,0.76,0.8,Irregular,2,Small
999,1437,9.25,32.5,22.73,0.79,1.0,Irregular,2,Small
862,1444,28.7,220.0,91.74,0.33,1.0,Irregular,0,Medium
1309,1436,9.85,37.5,26.73,0.66,0.7,Irregular,2,Small
200,1436,12.04,23.5,27.56,0.39,0.9,Irregular,2,Small
509,1433,8.31,31.5,22.73,0.77,0.78,Irregular,2,Small
480,1433,14.77,42.0,36.63,0.39,1.27,Irregular,2,Small
367,1433,11.4,41.5,27.56,0.69,0.9,Irregular,2,Small
1207,1430,6.4,16.5,16.24,0.79,1.2,Irregular,2,Small
1180,1431,9.11,43.0,26.97,0.74,1.11,Irregular,2,Small
940,1429,6.4,12.5,15.07,0.69,0.83,Irregular,2,Small
1058,1432,26.93,137.5,75.01,0.31,1.5,Irregular,0,Medium
1491,1427,7.81,12.0,17.31,0.5,0.86,Irregular,2,Small
558,1439,42.45,352.0,135.54,0.24,0.91,Irregular,0,Medium
70,1423,8.6,30.5,21.9,0.8,1.14,Irregular,2,Small
1571,1440,68.6,1204.0,183.68,0.45,1.12,Irregular,1,Large
1574,1424,22.83,71.0,54.28,0.3,1.62,Elongated,0,Medium
1341,1428,23.93,161.0,86.43,0.27,1.26,Irregular,0,Medium
536,1420,5.39,10.5,13.9,0.68,0.83,Irregular,2,Small
410,1419,8.6,30.0,22.14,0.77,1.0,Irregular,2,Small
384,1424,21.21,91.0,54.28,0.39,0.5,Elongated,0,Medium
1286,1418,12.08,54.0,31.8,0.67,0.83,Irregular,2,Small
1513,1414,5.18,13.5,15.07,0.75,0.83,Irregular,2,Small
1244,1425,39.05,135.5,96.33,0.18,1.15,Irregular,0,Medium
941,1414,6.44,13.5,15.9,0.67,1.0,Irregular,2,Small
1299,1418,14.32,55.5,37.56,0.49,0.47,Elongated,2,Small
23,1412,14.56,35.0,32.49,0.42,3.0,Elongated,2,Small
1568,1414,12.81,54.0,32.14,0.66,0.91,Irregular,2,Small
1076,1412,6.75,15.0,17.31,0.63,1.17,Irregular,2,Small
1064,1410,9.85,30.5,24.24,0.65,2.0,Elongated,2,Small
1361,1411,11.4,35.0,28.14,0.56,1.11,Irregular,2,Small
346,1411,8.94,27.0,22.49,0.67,0.67,Elongated,2,Small
76,1412,16.28,52.0,36.63,0.49,0.92,Irregular,2,Small
1312,1413,19.35,174.0,68.77,0.46,0.95,Irregular,2,Small
487,1407,8.94,12.5,19.9,0.4,1.8,Elongated,2,Small
1540,1418,42.8,263.0,120.37,0.23,1.16,Irregular,0,Medium
371,1415,30.89,180.5,91.15,0.27,0.79,Irregular,0,Medium
770,1404,8.94,11.0,19.31,0.37,0.56,Elongated,2,Small
527,1406,14.77,90.5,45.21,0.56,0.93,Irregular,2,Small
1594,1406,17.2,73.0,42.14,0.52,0.73,Irregular,2,Small
1272,1404,20.12,75.5,46.04,0.45,1.73,Elongated,0,Medium
100,1404,15.0,52.5,35.21,0.53,1.18,Irregular,2,Small
338,1406,16.49,75.0,41.31,0.55,0.41,Elongated,2,Small
1140,1408,22.56,186.5,61.36,0.62,0.61,Elongated,0,Medium
321,1399,15.29,49.0,41.46,0.36,1.5,Irregular,2,Small
1554,1393,5.83,13.5,15.07,0.75,1.2,Irregular,2,Small
1329,1400,21.65,165.0,68.28,0.44,1.29,Irregular,0,Medium
236,1395,8.06,22.5,19.9,0.71,0.75,Irregular,2,Small
1296,1397,13.89,59.0,34.63,0.62,0.85,Irregular,2,Small
1239,1393,5.59,17.5,15.9,0.87,1.0,Round,2,Small
74,1392,17.09,87.5,46.87,0.5,1.55,Elongated,2,Small
493,1395,24.84,116.0,71.6,0.28,1.18,Irregular,0,Medium
1074,1391,12.21,45.0,28.97,0.67,0.82,Irregular,2,Small
514,1388,5.05,13.0,13.66,0.88,1.0,Round,2,Small
919,1389,9.49,39.0,25.31,0.76,0.7,Irregular,2,Small
846,1388,8.26,21.0,21.66,0.56,0.56,Elongated,2,Small
202,1386,10.12,49.5,27.9,0.8,1.0,Irregular,2,Small
1536,1384,7.14,25.0,20.49,0.75,1.33,Irregular,2,Small
1345,1384,8.6,22.5,20.73,0.66,1.14,Irregular,2,Small
831,1385,6.32,10.0,15.66,0.51,0.57,Elongated,2,Small
478,1390,19.72,88.0,48.63,0.47,0.67,Elongated,0,Medium
181,1384,6.71,22.0,18.49,0.81,1.17,Irregular,2,Small
170,1394,36.88,220.5,88.67,0.35,1.07,Irregular,0,Medium
1157,1386,14.77,41.5,35.56,0.41,0.64,Elongated,2,Small
527,1382,6.32,14.5,15.9,0.72,0.71,Irregular,2,Small
466,1381,8.06,20.0,20.49,0.6,0.75,Irregular,2,Small
1427,1379,7.07,15.0,16.49,0.69,1.0,Irregular,2,Small
816,1388,23.2,119.5,56.04,0.48,0.42,Elongated,0,Medium
579,1378,6.4,14.0,15.66,0.72,1.2,Irregular,2,Small
350,1387,31.15,255.0,98.57,0.33,0.96,Irregular,0,Medium
609,1388,31.15,186.0,116.91,0.17,1.04,Irregular,0,Medium
56,1379,10.3,15.0,23.31,0.35,0.6,Elongated,2,Small
1158,1375,5.53,15.0,15.66,0.77,0.83,Irregular,2,Small
948,1395,62.24,543.0,165.82,0.25,0.98,Irregular,1,Large
1236,1390,41.3,387.0,139.88,0.25,0.57,Elongated,0,Medium
295,1372,7.21,15.5,17.07,0.67,0.71,Irregular,2,Small
504,1369,5.1,10.5,13.07,0.77,1.5,Irregular,2,Small
1392,1370,6.32,23.5,18.73,0.84,1.0,Irregular,2,Small
1058,1378,30.49,191.0,91.74,0.29,0.96,Irregular,0,Medium
283,1371,20.59,117.5,53.7,0.51,0.65,Elongated,0,Medium
601,1366,13.04,23.5,29.21,0.35,0.75,Irregular,2,Small
406,1366,10.77,33.0,25.31,0.65,0.55,Elongated,2,Small
1164,1362,5.39,15.5,15.07,0.86,1.2,Irregular,2,Small
1178,1393,75.03,1491.0,311.71,0.19,0.8,Irregular,1,Large
1215,1360,10.84,31.5,27.56,0.52,1.11,Irregular,2,Small
384,1363,20.52,104.5,49.7,0.53,0.94,Irregular,0,Medium
1179,1357,8.94,17.0,20.49,0.51,1.8,Elongated,2,Small
370,1372,37.0,157.5,95.15,0.22,0.53,Elongated,0,Medium
345,1363,24.08,112.5,54.53,0.48,1.12,Irregular,0,Medium
1572,1372,66.61,1051.5,353.95,0.11,1.15,Irregular,1,Large
1201,1352,6.71,13.5,16.24,0.64,0.57,Elongated,2,Small
915,1354,10.2,19.5,23.07,0.46,0.36,Elongated,2,Small
1192,1350,5.44,18.5,15.9,0.92,1.0,Round,2,Small
1097,1352,15.65,60.0,37.8,0.53,1.67,Elongated,2,Small
1506,1347,7.07,15.0,16.49,0.69,1.0,Irregular,2,Small
232,1347,8.94,25.0,21.31,0.69,1.5,Irregular,2,Small
217,1359,47.43,351.5,130.27,0.26,1.33,Irregular,1,Large
1529,1346,9.49,20.5,22.73,0.5,1.67,Elongated,2,Small
1285,1373,68.41,682.5,311.46,0.09,0.73,Irregular,1,Large
1488,1344,8.06,20.5,19.9,0.65,0.75,Irregular,2,Small
868,1348,18.36,77.0,46.14,0.45,0.65,Elongated,2,Small
830,1361,49.66,508.0,201.48,0.16,0.7,Elongated,1,Large
383,1346,18.38,89.0,44.63,0.56,0.61,Elongated,2,Small
1307,1340,6.32,17.0,16.49,0.79,0.71,Irregular,2,Small
117,1339,6.4,11.5,15.07,0.64,0.83,Irregular,2,Small
40,1339,7.84,13.0,18.14,0.5,1.0,Irregular,2,Small
1560,1339,9.49,27.5,22.73,0.67,0.6,Elongated,2,Small
924,1351,35.25,168.0,101.6,0.2,0.42,Elongated,0,Medium
190,1339,13.6,54.5,32.38,0.65,0.83,Irregular,2,Small
160,1348,50.48,274.5,127.64,0.21,1.47,Irregular,1,Large
874,1334,8.94,18.0,23.31,0.42,1.5,Irregular,2,Small
1592,1337,19.11,62.5,48.73,0.33,1.07,Irregular,2,Small
1533,1333,5.83,13.5,15.07,0.75,1.2,Irregular,2,Small
938,1336,13.15,29.0,32.97,0.34,0.43,Elongated,2,Small
553,1335,11.66,34.0,27.8,0.55,1.22,Irregular,2,Small
269,1341,42.01,306.5,141.44,0.19,1.54,Elongated,0,Medium
173,1332,9.43,22.0,21.31,0.61,0.67,Elongated,2,Small
541,1330,7.28,21.5,18.73,0.77,0.75,Irregular,2,Small
1131,1328,6.08,16.5,15.9,0.82,1.4,Irregular,2,Small
98,1334,24.7,76.5,57.7,0.29,0.68,Elongated,0,Medium
1551,1328,11.18,35.0,27.66,0.58,0.42,Elongated,2,Small
808,1327,8.25,18.0,20.49,0.54,0.56,Elongated,2,Small
220,1326,10.82,44.0,28.14,0.7,1.11,Irregular,2,Small
1147,1323,7.07,21.5,19.07,0.74,1.6,Elongated,2,Small
1335,1323,6.44,16.0,16.49,0.74,1.0,Irregular,2,Small
586,1328,14.56,80.5,37.56,0.72,0.6,Elongated,2,Small
1430,1323,18.97,54.5,45.21,0.34,2.38,Elongated,2,Small
237,1325,17.03,70.0,39.8,0.56,0.86,Irregular,2,Small
573,1321,9.06,21.5,21.07,0.61,0.4,Elongated,2,Small
186,1323,15.62,62.0,36.63,0.58,0.92,Irregular,2,Small
159,1320,8.06,20.5,19.9,0.65,1.33,Irregular,2,Small
1515,1327,38.95,339.5,138.47,0.22,1.4,Irregular,0,Medium
1495,1320,13.42,46.5,35.56,0.46,1.62,Elongated,2,Small
381,1321,12.21,36.5,28.38,0.57,0.82,Irregular,2,Small
526,1319,8.54,31.5,21.9,0.83,0.67,Elongated,2,Small
359,1322,19.57,87.0,67.94,0.24,1.19,Irregular,2,Small
169,1319,12.23,51.5,30.38,0.7,0.91,Irregular,2,Small
444,1316,8.54,20.5,21.07,0.58,0.56,Elongated,2,Small
558,1318,15.87,73.0,59.11,0.26,0.81,Irregular,2,Small
507,1333,45.18,318.0,154.23,0.17,0.48,Elongated,1,Large
1460,1314,10.2,16.5,25.9,0.31,0.36,Elongated,2,Small
1516,1310,6.44,20.0,17.66,0.81,1.0,Irregular,2,Small
411,1315,23.6,47.5,52.53,0.22,1.33,Irregular,0,Medium
348,1312,9.22,14.5,20.24,0.44,0.3,Elongated,2,Small
1328,1316,26.91,90.5,66.18,0.26,1.1,Irregular,0,Medium
1310,1317,27.2,122.0,72.77,0.29,0.88,Irregular,0,Medium
835,1317,29.15,150.0,77.94,0.31,0.85,Irregular,0,Medium
95,1308,8.49,20.5,19.9,0.65,1.0,Irregular,2,Small
21,1316,33.24,92.0,78.08,0.19,1.0,Irregular,0,Medium
1494,1305,8.54,32.0,23.31,0.74,1.29,Irregular,2,Small
1325,1304,5.39,14.0,14.49,0.84,0.83,Irregular,2,Small
850,1309,14.56,69.5,37.56,0.62,0.6,Elongated,2,Small
183,1304,7.07,16.5,17.07,0.71,1.0,Irregular,2,Small
140,1304,6.71,11.5,15.9,0.57,0.71,Irregular,2,Small
116,1306,11.66,29.5,28.38,0.46,0.82,Irregular,2,Small
1477,1314,31.62,221.5,88.18,0.36,0.71,Irregular,0,Medium
1175,1303,11.03,51.0,28.97,0.76,1.0,Irregular,2,Small
1543,1300,12.08,29.0,29.31,0.42,2.6,Elongated,2,Small
1045,1301,10.0,20.5,25.07,0.41,1.29,Irregular,2,Small
838,1300,6.41,14.5,17.07,0.63,0.71,Irregular,2,Small
372,1304,15.62,52.0,39.8,0.41,1.08,Irregular,2,Small
1582,1306,23.43,78.5,56.87,0.31,0.89,Irregular,0,Medium
1514,1300,10.86,50.5,29.56,0.73,1.22,Irregular,2,Small
1439,1299,8.6,21.5,20.73,0.63,1.14,Irregular,2,Small
650,1300,7.84,22.5,19.9,0.71,1.0,Irregular,2,Small
150,1299,6.4,10.5,15.07,0.58,1.2,Irregular,2,Small
1460,1298,5.01,11.0,13.66,0.74,1.0,Irregular,2,Small
693,1302,13.93,35.0,32.14,0.43,0.5,Elongated,2,Small
1167,1296,11.4,44.0,28.14,0.7,1.11,Irregular,2,Small
429,1302,25.24,169.5,68.18,0.46,0.86,Irregular,0,Medium
1458,1294,9.43,26.0,23.31,0.6,1.29,Irregular,2,Small
1191,1294,27.89,206.0,87.25,0.34,2.0,Elongated,0,Medium
409,1295,13.6,64.5,36.38,0.61,0.71,Irregular,2,Small
349,1293,13.04,44.5,32.38,0.53,1.2,Irregular,2,Small
713,1290,8.13,23.0,20.49,0.69,0.56,Elongated,2,Small
1538,1288,6.9,28.0,20.49,0.84,1.0,Irregular,2,Small
1078,1295,21.41,129.0,63.6,0.4,0.86,Irregular,0,Medium
640,1295,21.84,72.5,58.38,0.27,0.45,Elongated,0,Medium
1472,1286,6.44,12.5,15.9,0.62,1.0,Irregular,2,Small
1160,1286,9.85,22.0,26.14,0.4,1.43,Irregular,2,Small
1356,1284,9.25,30.5,22.73,0.74,1.0,Irregular,2,Small
308,1283,7.84,25.0,20.49,0.75,1.0,Irregular,2,Small
167,1282,5.83,11.5,15.07,0.64,0.83,Irregular,2,Small
1428,1280,7.16,20.5,19.9,0.65,1.33,Irregular,2,Small
561,1282,6.71,12.5,15.9,0.62,0.71,Irregular,2,Small
1399,1280,5.0,10.0,12.83,0.76,0.8,Irregular,2,Small
727,1282,9.28,31.0,23.66,0.7,0.5,Elongated,2,Small
671,1293,30.81,195.0,101.25,0.24,0.55,Elongated,0,Medium
35,1282,8.54,23.0,20.49,0.69,0.56,Elongated,2,Small
515,1291,29.07,176.5,78.18,0.36,0.47,Elongated,0,Medium
850,1279,8.06,22.0,19.66,0.72,0.62,Elongated,2,Small
590,1282,12.65,70.5,33.56,0.79,0.69,Elongated,2,Small
734,1277,5.96,17.0,16.49,0.79,1.0,Irregular,2,Small
440,1279,8.94,44.5,25.9,0.83,0.89,Irregular,2,Small
630,1279,12.37,51.0,30.49,0.69,0.46,Elongated,2,Small
84,1275,8.72,36.0,24.14,0.78,1.12,Irregular,2,Small
1200,1275,11.49,42.5,29.21,0.63,0.91,Irregular,2,Small
498,1282,30.62,161.0,106.91,0.18,1.94,Elongated,0,Medium
726,1289,41.44,129.5,119.98,0.11,0.45,Elongated,0,Medium
1187,1273,9.22,39.5,24.73,0.81,0.7,Irregular,2,Small
600,1273,8.25,22.5,19.9,0.71,0.56,Elongated,2,Small
46,1272,7.84,12.0,18.14,0.46,1.0,Irregular,2,Small
1474,1270,15.81,85.0,41.8,0.61,1.6,Elongated,2,Small
1129,1271,15.0,40.0,34.63,0.42,1.18,Irregular,2,Small
660,1271,8.94,32.5,23.56,0.74,0.89,Irregular,2,Small
1074,1269,9.22,25.5,21.9,0.67,1.14,Irregular,2,Small
223,1272,15.26,67.5,37.56,0.6,0.71,Irregular,2,Small
1374,1266,5.83,16.5,17.07,0.71,1.0,Irregular,2,Small
1201,1266,12.08,22.0,30.14,0.3,2.17,Elongated,2,Small
533,1269,12.08,28.5,27.56,0.47,0.58,Elongated,2,Small
403,1269,16.4,77.0,41.8,0.55,0.93,Irregular,2,Small
297,1280,41.34,275.0,120.71,0.24,0.78,Irregular,0,Medium
149,1272,33.29,273.0,84.08,0.49,1.32,Irregular,0,Medium
1526,1265,11.4,37.0,26.97,0.64,0.9,Irregular,2,Small
1544,1263,17.49,60.0,40.63,0.46,1.45,Irregular,2,Small
635,1265,12.17,36.5,29.07,0.54,0.38,Elongated,2,Small
19,1261,10.3,16.5,23.9,0.36,1.67,Elongated,2,Small
120,1265,18.8,119.5,78.67,0.24,1.0,Irregular,2,Small
653,1271,31.32,155.0,77.94,0.32,0.45,Elongated,0,Medium
1360,1257,7.07,13.0,17.66,0.52,1.0,Irregular,2,Small
701,1258,6.32,10.5,15.07,0.58,0.57,Elongated,2,Small
512,1261,16.29,90.5,56.53,0.36,1.13,Irregular,2,Small
1318,1256,6.44,18.0,16.49,0.83,1.0,Irregular,2,Small
679,1255,6.71,17.0,17.66,0.69,1.4,Irregular,2,Small
619,1266,27.41,193.5,73.36,0.45,0.46,Elongated,0,Medium
1389,1258,20.81,75.5,48.04,0.41,1.38,Irregular,0,Medium
79,1255,7.21,16.0,17.31,0.67,0.86,Irregular,2,Small
821,1290,79.63,746.5,315.04,0.09,0.4,Elongated,1,Large
1505,1256,17.82,90.5,46.87,0.52,1.0,Irregular,2,Small
1187,1252,4.47,10.5,12.24,0.88,0.8,Irregular,2,Small
740,1254,9.85,23.0,24.49,0.48,0.6,Elongated,2,Small
489,1258,18.03,72.0,45.8,0.43,0.61,Elongated,2,Small
1312,1251,11.18,33.0,29.31,0.48,1.57,Elongated,2,Small
675,1261,31.62,222.5,79.36,0.44,0.75,Irregular,0,Medium
811,1249,5.1,11.0,13.66,0.74,0.67,Elongated,2,Small
1216,1257,22.36,101.0,52.14,0.47,0.35,Elongated,0,Medium
1131,1249,6.32,14.0,15.66,0.72,0.57,Elongated,2,Small
641,1251,13.04,59.5,35.56,0.59,0.83,Irregular,2,Small
1556,1247,10.82,33.5,26.38,0.6,0.9,Irregular,2,Small
1397,1245,7.81,16.0,18.49,0.59,1.17,Irregular,2,Small
712,1261,37.11,191.5,92.18,0.28,0.41,Elongated,0,Medium
617,1244,5.27,11.5,15.07,0.64,0.83,Irregular,2,Small
115,1245,7.84,23.0,19.31,0.77,1.0,Irregular,2,Small
62,1247,16.29,58.5,40.04,0.46,0.93,Irregular,2,Small
1157,1259,48.14,643.5,214.89,0.18,1.02,Irregular,1,Large
599,1253,28.17,183.5,86.18,0.31,0.71,Irregular,0,Medium
1388,1241,8.06,29.0,21.31,0.8,0.88,Irregular,2,Small
1202,1246,17.72,119.5,49.21,0.62,0.67,Elongated,2,Small
608,1240,8.94,28.0,23.31,0.65,0.78,Irregular,2,Small
98,1246,30.42,151.0,89.25,0.24,1.0,Irregular,0,Medium
364,1238,8.54,35.0,23.31,0.81,0.78,Irregular,2,Small
584,1238,13.6,73.5,35.21,0.74,0.71,Irregular,2,Small
572,1236,17.29,69.5,42.73,0.48,0.44,Elongated,2,Small
1188,1229,10.25,47.0,28.97,0.7,1.0,Irregular,2,Small
636,1227,7.62,15.0,18.49,0.55,0.62,Elongated,2,Small
244,1227,9.43,31.5,24.73,0.65,1.12,Irregular,2,Small
653,1239,35.47,168.5,92.33,0.25,0.59,Elongated,0,Medium
1540,1230,27.79,129.5,67.01,0.36,1.39,Irregular,0,Medium
1419,1223,4.12,10.0,11.66,0.92,0.8,Irregular,2,Small
1430,1238,61.03,287.5,141.78,0.18,1.38,Irregular,1,Large
601,1226,14.04,62.0,36.97,0.57,0.6,Elongated,2,Small
1473,1224,19.8,44.0,47.46,0.25,1.0,Irregular,0,Medium
724,1231,28.44,123.5,66.87,0.35,0.31,Elongated,0,Medium
577,1220,11.7,39.5,29.9,0.56,0.58,Elongated,2,Small
1293,1211,5.83,12.0,14.49,0.72,1.2,Irregular,2,Small
16,1213,11.66,27.5,27.9,0.44,0.64,Elongated,2,Small
788,1245,79.91,754.5,269.87,0.13,0.34,Elongated,1,Large
409,1220,36.24,213.5,89.5,0.33,0.67,Elongated,0,Medium
510,1204,7.34,25.0,20.49,0.75,0.75,Irregular,2,Small
1515,1220,64.41,996.0,224.11,0.25,1.18,Irregular,1,Large
603,1205,11.74,72.0,33.8,0.79,0.92,Irregular,2,Small
4,1208,18.57,130.0,50.14,0.65,0.53,Elongated,2,Small
714,1205,17.89,69.0,44.63,0.44,0.71,Irregular,2,Small
1566,1202,15.18,87.5,41.21,0.65,1.08,Irregular,2,Small
535,1203,17.46,89.5,48.04,0.49,0.76,Irregular,2,Small
377,1199,16.16,50.0,37.8,0.44,0.56,Elongated,2,Small
12,1193,10.3,35.5,25.9,0.67,1.43,Irregular,2,Small
1157,1210,68.77,778.0,250.11,0.16,1.17,Irregular,1,Large
1037,1192,8.54,23.5,21.9,0.62,0.67,Elongated,2,Small
550,1192,16.12,31.0,37.31,0.28,0.24,Elongated,2,Small
996,1196,32.76,165.0,108.57,0.18,0.67,Elongated,0,Medium
1043,1208,73.11,1053.0,281.91,0.17,1.0,Irregular,1,Large
1530,1180,4.47,12.5,13.07,0.92,1.0,Round,2,Small
1183,1180,5.44,18.5,15.9,0.92,1.0,Round,2,Small
580,1202,55.36,401.0,171.2,0.17,0.53,Elongated,1,Large
1508,1178,9.49,39.0,25.31,0.76,1.43,Irregular,2,Small
1172,1178,8.54,25.0,21.31,0.69,0.67,Elongated,2,Small
1540,1175,11.4,44.5,27.9,0.72,0.8,Irregular,2,Small
1464,1198,75.77,631.5,273.95,0.11,1.61,Elongated,1,Large
450,1174,11.4,22.5,25.9,0.42,0.42,Elongated,2,Small
559,1173,12.69,67.5,34.38,0.72,0.77,Irregular,2,Small
1577,1169,5.83,15.0,15.66,0.77,0.83,Irregular,2,Small
438,1170,7.6,28.0,21.66,0.75,1.0,Irregular,2,Small
471,1168,7.28,21.5,19.07,0.74,0.62,Elongated,2,Small
700,1179,33.54,155.0,77.94,0.32,0.55,Elongated,0,Medium
772,1165,5.83,10.5,15.07,0.58,0.83,Irregular,2,Small
1420,1175,29.85,161.0,95.74,0.22,0.96,Irregular,0,Medium
1145,1165,10.85,42.5,28.73,0.65,1.38,Irregular,2,Small
1477,1162,5.1,12.5,13.9,0.81,0.83,Irregular,2,Small
1205,1178,51.61,549.0,155.34,0.29,0.74,Irregular,1,Large
1032,1163,14.56,25.5,34.73,0.27,0.4,Elongated,2,Small
369,1175,45.28,460.0,140.37,0.29,0.94,Irregular,1,Large
1295,1158,7.21,18.0,17.66,0.73,0.71,Irregular,2,Small
599,1160,12.08,46.5,30.73,0.62,0.54,Elongated,2,Small
1503,1156,5.39,12.0,14.83,0.69,1.5,Irregular,2,Small
1448,1156,7.07,22.5,18.24,0.85,1.0,Irregular,2,Small
1024,1158,8.06,23.0,21.31,0.64,1.14,Irregular,2,Small
1180,1159,14.42,48.5,35.56,0.48,0.77,Irregular,2,Small
458,1161,17.84,116.0,53.46,0.51,0.88,Irregular,2,Small
530,1169,40.82,285.5,110.33,0.29,0.72,Irregular,0,Medium
1352,1154,10.82,30.5,25.9,0.57,1.43,Irregular,2,Small
1120,1153,16.49,59.0,40.14,0.46,2.12,Elongated,2,Small
1314,1158,18.06,82.5,44.38,0.53,0.42,Elongated,2,Small
1215,1150,6.48,20.5,17.9,0.8,0.86,Irregular,2,Small
1002,1159,28.16,74.0,75.11,0.16,0.39,Elongated,0,Medium
474,1149,8.06,25.5,21.07,0.72,0.75,Irregular,2,Small
650,1160,33.54,263.5,143.44,0.16,0.74,Irregular,0,Medium
303,1158,35.36,424.0,102.43,0.51,0.66,Elongated,0,Medium
1131,1145,7.14,17.0,18.49,0.63,0.62,Elongated,2,Small
681,1146,15.13,48.0,35.31,0.48,0.38,Elongated,2,Small
585,1157,39.56,262.5,95.15,0.36,0.53,Elongated,0,Medium
660,1140,10.63,20.5,25.9,0.38,1.12,Irregular,2,Small
1319,1138,5.05,12.0,13.66,0.81,1.0,Irregular,2,Small
1231,1137,5.83,11.0,14.83,0.63,0.67,Elongated,2,Small
441,1137,6.17,16.0,16.49,0.74,0.71,Irregular,2,Small
703,1151,38.33,276.5,95.36,0.38,0.37,Elongated,0,Medium
541,1152,41.59,137.0,102.43,0.16,0.31,Elongated,0,Medium
528,1135,6.9,17.5,19.07,0.6,0.86,Irregular,2,Small
385,1132,8.5,33.5,23.9,0.74,1.0,Irregular,2,Small
1288,1130,5.83,22.0,17.66,0.89,1.0,Round,2,Small
517,1136,18.97,64.0,46.63,0.37,0.53,Elongated,2,Small
505,1128,5.41,13.5,15.07,0.75,0.83,Irregular,2,Small
1117,1136,30.53,138.5,78.67,0.28,1.23,Irregular,0,Medium
357,1138,40.31,267.5,96.33,0.36,1.0,Irregular,0,Medium
268,1128,8.94,27.5,23.9,0.61,1.29,Irregular,2,Small
651,1125,8.94,25.5,22.24,0.65,1.8,Elongated,2,Small
1111,1122,5.68,14.0,15.66,0.72,1.2,Irregular,2,Small
436,1124,9.49,41.0,25.31,0.8,0.7,Irregular,2,Small
369,1124,13.34,48.0,32.14,0.58,0.5,Elongated,2,Small
1502,1118,6.44,14.0,16.49,0.65,1.0,Irregular,2,Small
422,1118,6.4,15.0,15.66,0.77,1.2,Irregular,2,Small
595,1131,35.13,194.0,105.25,0.22,0.44,Elongated,0,Medium
1075,1120,18.6,107.5,47.21,0.61,0.76,Irregular,2,Small
194,1117,11.66,35.0,28.14,0.56,0.73,Irregular,2,Small
1440,1123,25.08,204.5,80.18,0.4,1.2,Irregular,0,Medium
1124,1112,5.0,10.0,12.83,0.76,1.25,Irregular,2,Small
658,1115,10.44,27.0,26.49,0.48,0.55,Elongated,2,Small
635,1119,19.24,85.5,56.04,0.34,0.55,Elongated,2,Small
1495,1114,11.18,64.5,32.38,0.77,1.0,Irregular,2,Small
491,1111,8.49,25.0,20.49,0.75,1.0,Irregular,2,Small
674,1113,14.32,56.0,34.14,0.6,0.47,Elongated,2,Small
662,1119,29.02,104.5,72.53,0.25,0.33,Elongated,0,Medium
615,1109,9.4,37.0,26.14,0.68,0.8,Irregular,2,Small
473,1104,9.22,29.5,23.07,0.7,1.14,Irregular,2,Small
413,1105,8.25,22.0,20.49,0.66,0.56,Elongated,2,Small
342,1112,31.4,191.0,83.25,0.35,0.92,Irregular,0,Medium
1110,1105,15.17,59.5,39.21,0.49,0.44,Elongated,2,Small
560,1106,33.97,187.0,94.91,0.26,1.04,Irregular,0,Medium
645,1098,8.54,35.5,23.9,0.78,0.78,Irregular,2,Small
437,1106,34.66,405.5,91.01,0.62,1.04,Irregular,0,Medium
1122,1099,17.8,94.0,49.11,0.49,0.94,Irregular,2,Small
379,1099,20.1,101.0,59.46,0.36,0.57,Elongated,0,Medium
1272,1092,11.4,38.0,30.97,0.5,1.22,Irregular,2,Small
462,1090,6.44,17.5,17.07,0.75,1.0,Irregular,2,Small
1200,1093,13.6,35.5,33.21,0.4,0.77,Irregular,2,Small
1283,1091,16.16,55.5,45.7,0.33,0.62,Elongated,2,Small
307,1083,5.15,15.0,14.83,0.86,1.0,Round,2,Small
1140,1085,13.09,91.5,38.73,0.77,0.85,Irregular,2,Small
745,1080,5.39,16.5,15.07,0.91,0.83,Irregular,2,Small
1129,1079,4.47,11.0,13.66,0.74,1.0,Irregular,2,Small
465,1080,9.85,33.5,25.9,0.63,0.7,Irregular,2,Small
455,1079,8.6,28.0,21.66,0.75,0.75,Irregular,2,Small
327,1079,10.01,37.0,26.14,0.68,0.8,Irregular,2,Small
307,1106,78.01,753.5,298.84,0.11,0.83,Irregular,1,Large
1078,1081,17.26,119.0,52.28,0.55,0.83,Irregular,2,Small
617,1071,6.32,16.0,16.49,0.74,0.71,Irregular,2,Small
504,1093,56.86,462.5,155.44,0.24,0.62,Elongated,1,Large
514,1069,10.9,61.5,31.07,0.8,1.11,Irregular,2,Small
1140,1068,8.25,35.5,24.73,0.73,1.12,Irregular,2,Small
1231,1062,5.0,10.0,12.83,0.76,0.8,Irregular,2,Small
15,1061,7.07,19.0,17.66,0.77,1.0,Irregular,2,Small
497,1057,5.39,13.5,14.24,0.84,0.67,Elongated,2,Small
4,1054,5.7,15.0,15.66,0.77,0.83,Irregular,2,Small
1582,1053,5.2,10.0,13.66,0.67,0.67,Elongated,2,Small
1183,1064,32.2,265.5,89.5,0.42,0.81,Irregular,0,Medium
1257,1053,7.28,19.5,19.07,0.67,0.62,Elongated,2,Small
1204,1050,9.22,40.0,25.31,0.78,0.7,Irregular,2,Small
732,1063,41.4,295.0,153.54,0.16,1.03,Irregular,0,Medium
1098,1040,7.81,20.0,19.31,0.67,1.0,Irregular,2,Small
449,1039,11.4,36.0,27.31,0.61,0.5,Elongated,2,Small
338,1038,10.63,57.5,29.9,0.81,0.9,Irregular,2,Small
1341,1040,16.55,80.0,44.63,0.5,1.33,Irregular,2,Small
1246,1041,18.13,115.0,48.63,0.61,0.72,Irregular,2,Small
1436,1034,6.71,10.0,15.66,0.51,0.57,Elongated,2,Small
1148,1028,5.39,14.0,14.83,0.8,0.67,Elongated,2,Small
13,1029,8.08,30.5,21.9,0.8,1.14,Irregular,2,Small
1298,1024,8.06,32.0,23.31,0.74,1.29,Irregular,2,Small
695,1025,7.62,21.5,19.07,0.74,0.62,Elongated,2,Small
282,1046,51.87,289.5,134.47,0.2,0.46,Elongated,1,Large
1244,1023,5.66,11.5,14.24,0.71,1.0,Irregular,2,Small
1226,1023,7.81,11.5,17.9,0.45,0.86,Irregular,2,Small
401,1021,5.39,11.0,13.66,0.74,0.67,Elongated,2,Small
1473,1020,6.32,15.5,16.24,0.74,0.57,Elongated,2,Small
1253,1019,6.32,16.0,16.49,0.74,1.4,Irregular,2,Small
17,1018,5.83,18.5,16.24,0.88,0.83,Irregular,2,Small
264,1026,25.08,103.0,59.46,0.37,0.5,Elongated,0,Medium
1236,1016,5.44,15.5,15.9,0.77,1.0,Irregular,2,Small
794,1017,7.28,22.5,19.07,0.78,0.62,Elongated,2,Small
1280,1016,9.9,39.0,26.14,0.72,1.0,Irregular,2,Small
5,1016,9.22,24.0,22.49,0.6,0.5,Elongated,2,Small
376,1026,45.28,312.0,119.88,0.27,0.97,Irregular,1,Large
751,1012,8.29,25.5,22.73,0.62,0.78,Irregular,2,Small
1300,1008,8.25,28.0,21.31,0.77,0.67,Elongated,2,Small
1482,1007,16.76,88.5,42.04,0.63,0.59,Elongated,2,Small
355,1015,41.63,298.0,112.23,0.3,0.56,Elongated,0,Medium
1214,999,10.82,37.5,26.38,0.68,1.11,Irregular,2,Small
1269,1005,33.21,425.5,105.5,0.48,0.81,Irregular,0,Medium
6,991,10.3,35.0,25.31,0.69,0.7,Irregular,2,Small
1210,988,8.94,43.5,25.9,0.81,1.12,Irregular,2,Small
1135,989,9.43,21.5,21.9,0.56,0.67,Elongated,2,Small
1241,982,7.28,22.0,19.31,0.74,0.75,Irregular,2,Small
1283,980,5.1,10.5,13.07,0.77,0.67,Elongated,2,Small
1262,981,6.08,13.5,15.07,0.75,0.57,Elongated,2,Small
1596,977,5.18,11.0,14.49,0.66,1.2,Irregular,2,Small
784,969,7.21,18.0,17.66,0.73,0.71,Irregular,2,Small
1209,968,9.25,29.5,24.73,0.61,0.89,Irregular,2,Small
396,968,16.03,60.5,37.56,0.54,0.35,Elongated,2,Small
755,959,8.77,32.0,23.66,0.72,0.67,Elongated,2,Small
374,990,79.18,1166.5,296.49,0.17,0.62,Elongated,1,Large
322,979,51.3,626.5,148.12,0.36,0.83,Irregular,1,Large
802,949,5.18,12.0,14.49,0.72,0.83,Irregular,2,Small
346,956,38.64,238.0,94.77,0.33,0.33,Elongated,0,Medium
392,940,44.38,306.0,145.54,0.18,0.41,Elongated,1,Large
404,915,5.39,11.5,14.24,0.71,0.67,Elongated,2,Small
1,913,5.83,11.0,14.83,0.63,0.67,Elongated,2,Small
10,909,8.06,20.0,19.66,0.65,1.6,Elongated,2,Small
1596,907,10.3,29.5,25.9,0.55,0.7,Irregular,2,Small
24,916,29.27,117.5,66.87,0.33,0.3,Elongated,0,Medium
67,899,7.62,30.0,21.31,0.83,1.14,Irregular,2,Small
45,894,18.97,60.5,43.21,0.41,0.47,Elongated,2,Small
51,888,8.54,17.0,20.14,0.53,0.67,Elongated,2,Small
96,901,54.71,662.5,181.92,0.25,0.58,Elongated,1,Large
43,870,12.08,43.0,28.14,0.68,0.58,Elongated,2,Small
1507,859,7.84,25.5,19.9,0.81,1.0,Irregular,2,Small
9,867,32.79,295.5,102.53,0.35,0.61,Elongated,0,Medium
1522,857,14.42,96.0,41.8,0.69,0.93,Irregular,2,Small
1496,854,8.71,39.0,24.49,0.82,0.78,Irregular,2,Small
45,855,15.65,50.0,38.97,0.41,0.6,Elongated,2,Small
1561,845,7.97,32.0,22.49,0.8,1.14,Irregular,2,Small
1520,840,15.17,74.5,40.38,0.57,0.56,Elongated,2,Small
1490,840,32.7,257.0,91.6,0.38,0.61,Elongated,0,Medium
1502,822,6.71,24.5,19.07,0.85,0.86,Irregular,2,Small
1576,814,8.06,18.0,19.66,0.59,1.6,Elongated,2,Small
1566,807,5.39,14.0,14.49,0.84,1.2,Irregular,2,Small
1497,809,17.9,110.0,56.63,0.43,0.88,Irregular,2,Small
1508,794,5.39,13.5,15.07,0.75,0.83,Irregular,2,Small
1284,783,6.44,21.0,17.66,0.85,1.0,Irregular,2,Small
1221,784,16.16,63.0,43.46,0.42,1.6,Elongated,2,Small
1510,782,13.04,55.5,31.56,0.7,0.75,Irregular,2,Small
1244,780,22.91,181.0,61.11,0.61,1.05,Irregular,0,Medium
1325,770,5.39,14.0,14.49,0.84,0.83,Irregular,2,Small
1486,767,6.71,20.5,18.24,0.77,0.71,Irregular,2,Small
1545,765,7.28,20.0,18.49,0.74,1.6,Elongated,2,Small
1239,760,8.06,12.5,19.9,0.4,0.75,Irregular,2,Small
1560,758,5.83,18.5,17.07,0.8,1.0,Irregular,2,Small
1527,757,8.94,21.0,21.31,0.58,0.67,Elongated,2,Small
1305,758,16.12,45.5,37.56,0.41,0.6,Elongated,2,Small
1329,750,4.33,10.0,12.49,0.81,1.0,Irregular,2,Small
1268,747,16.4,78.0,40.97,0.58,0.86,Irregular,2,Small
1343,741,5.39,15.5,15.07,0.86,1.2,Irregular,2,Small
1352,735,8.06,10.0,18.49,0.37,1.6,Elongated,2,Small
1379,733,8.06,16.0,18.49,0.59,0.62,Elongated,2,Small
1259,729,5.39,13.5,14.24,0.84,1.5,Irregular,2,Small
1312,733,16.4,87.5,50.87,0.42,1.0,Irregular,2,Small
1274,725,4.47,11.5,13.07,0.85,1.0,Irregular,2,Small
1371,726,10.67,53.0,30.14,0.73,0.82,Irregular,2,Small
1414,708,5.83,18.0,16.49,0.83,1.0,Irregular,2,Small
1319,710,22.27,156.5,79.36,0.31,1.0,Irregular,0,Medium
1227,693,10.85,52.5,29.9,0.74,0.73,Irregular,2,Small
1293,702,33.54,330.5,93.5,0.48,0.62,Elongated,0,Medium
1294,683,7.28,10.5,19.07,0.36,2.0,Elongated,2,Small
18,686,15.3,39.0,36.14,0.38,0.38,Elongated,2,Small
1364,679,5.0,10.0,12.83,0.76,1.25,Irregular,2,Small
1516,679,23.54,128.5,76.53,0.28,0.58,Elongated,0,Medium
1423,669,9.57,48.5,27.9,0.78,0.8,Irregular,2,Small
1400,674,34.41,129.0,92.08,0.19,1.26,Irregular,0,Medium
1191,661,8.94,25.0,21.31,0.69,0.67,Elongated,2,Small
1218,653,11.4,42.0,27.31,0.71,0.5,Elongated,2,Small
1518,648,5.59,16.0,16.49,0.74,1.0,Irregular,2,Small
1472,647,6.32,23.5,17.9,0.92,1.17,Irregular,2,Small
1386,631,10.34,46.5,30.38,0.63,1.1,Irregular,2,Small
1487,625,8.54,29.0,22.49,0.72,0.67,Elongated,2,Small
1352,619,5.59,19.0,16.49,0.88,1.0,Round,2,Small
1326,609,12.23,60.0,33.31,0.68,1.1,Irregular,2,Small
1366,606,13.34,41.5,37.56,0.37,0.64,Elongated,2,Small
1290,591,24.97,179.0,100.91,0.22,0.92,Irregular,0,Medium
1263,578,26.18,147.5,72.53,0.35,1.0,Irregular,0,Medium
1343,577,30.1,293.5,105.15,0.33,1.25,Irregular,0,Medium
1211,579,27.12,214.5,84.18,0.38,0.74,Irregular,0,Medium
1310,580,33.54,266.0,96.08,0.36,0.59,Elongated,0,Medium
1314,560,8.1,35.0,22.49,0.87,0.88,Irregular,2,Small
1274,553,14.77,85.0,42.63,0.59,0.86,Irregular,2,Small
1540,542,5.39,14.5,15.07,0.8,0.83,Irregular,2,Small
1299,547,24.41,255.5,81.84,0.48,1.15,Irregular,0,Medium
1278,534,8.25,34.0,23.31,0.79,1.29,Irregular,2,Small
1282,489,7.28,27.0,20.49,0.81,0.75,Irregular,2,Small
1432,485,13.89,77.5,37.56,0.69,0.77,Irregular,2,Small
1484,473,8.94,32.5,23.9,0.72,0.78,Irregular,2,Small
1308,473,9.22,20.5,21.9,0.54,0.5,Elongated,2,Small
1411,470,65.3,1075.5,177.58,0.43,0.63,Elongated,1,Large
1366,431,10.3,31.5,25.07,0.63,0.6,Elongated,2,Small
1463,430,10.54,68.0,31.31,0.87,0.82,Irregular,2,Small
1380,406,18.25,139.0,65.94,0.4,0.79,Irregular,2,Small
1367,405,39.93,282.0,111.4,0.29,0.53,Elongated,0,Medium
1403,374,12.67,75.5,36.38,0.72,0.77,Irregular,2,Small
1399,343,33.24,308.0,83.25,0.56,0.61,Elongated,0,Medium
1289,329,12.04,38.0,30.14,0.53,0.46,Elongated,2,Small
1281,319,11.7,48.5,31.9,0.6,0.58,Elongated,2,Small
1363,300,6.71,15.0,16.49,0.69,0.71,Irregular,2,Small
1382,296,9.49,45.5,25.9,0.85,0.7,Irregular,2,Small
1352,228,6.4,18.5,17.07,0.8,1.0,Irregular,2,Small
1320,226,6.71,21.0,18.49,0.77,1.17,Irregular,2,Small
1336,224,15.62,63.0,39.46,0.51,0.93,Irregular,2,Small
1259,204,16.03,64.5,45.21,0.4,1.7,Elongated,2,Small
1121,155,26.42,218.0,97.25,0.29,1.05,Irregular,0,Medium
1138,147,12.23,63.0,34.97,0.65,0.69,Elongated,2,Small
1013,135,5.05,11.0,13.66,0.74,1.0,Irregular,2,Small
1273,133,12.81,42.0,30.97,0.55,1.1,Irregular,2,Small
1095,131,7.77,32.5,21.9,0.85,1.14,Irregular,2,Small
1173,121,7.21,25.0,19.66,0.81,0.86,Irregular,2,Small
1142,120,8.94,28.5,22.73,0.69,1.29,Irregular,2,Small
1268,115,5.95,16.5,16.24,0.79,0.83,Irregular,2,Small
1129,110,21.63,105.5,50.87,0.51,0.74,Irregular,0,Medium
1112,119,48.09,283.0,125.4,0.23,0.37,Elongated,1,Large
1014,89,9.85,54.0,29.31,0.79,1.11,Irregular,2,Small
779,86,9.85,34.5,27.9,0.56,0.6,Elongated,2,Small
1142,80,13.63,49.5,39.21,0.4,1.18,Irregular,2,Small
1076,75,6.14,19.5,17.9,0.76,1.17,Irregular,2,Small
1120,75,12.17,37.5,28.73,0.57,0.46,Elongated,2,Small
1104,83,34.65,378.5,119.15,0.34,1.14,Irregular,0,Medium
1117,64,9.85,37.5,26.73,0.66,1.25,Irregular,2,Small
1096,60,14.14,46.0,36.14,0.44,0.53,Elongated,2,Small
1125,47,9.22,37.0,25.31,0.73,0.7,Irregular,2,Small
1055,42,9.06,27.5,22.73,0.67,1.67,Elongated,2,Small
1134,41,14.21,33.0,33.8,0.36,0.92,Irregular,2,Small
1149,38,16.55,81.5,42.38,0.57,0.69,Elongated,2,Small
1016,26,9.25,43.5,25.9,0.81,1.12,Irregular,2,Small
1114,23,16.29,88.0,46.63,0.51,0.81,Irregular,2,Small
1068,37,47.17,510.0,130.23,0.38,0.52,Elongated,1,Large
1097,13,10.44,51.5,28.73,0.78,1.38,Irregular,2,Small
1360,6,13.6,27.5,33.56,0.31,0.5,Elongated,2,Small
1095,1,6.6,18.5,18.24,0.7,1.4,Irregular,2,Small
1078,7,22.87,220.0,64.63,0.66,1.53,Elongated,0,Medium
1055,9,21.47,139.5,54.38,0.59,0.6,Elongated,0,Medium
1036,3,15.38,86.5,40.73,0.66,1.5,Irregular,2,Small
690,4,13.87,48.5,40.73,0.37,1.0,Irregular,2,Small
958,1236,10.77,29.5,25.9,0.55,0.55,Elongated,2,Small
917,1208,10.82,26.0,25.31,0.51,1.43,Irregular,2,Small
940,1191,9.22,28.0,23.31,0.65,0.6,Elongated,2,Small
912,1139,11.4,30.5,27.07,0.52,0.42,Elongated,2,Small
821,1184,14.32,70.5,38.38,0.6,0.67,Elongated,2,Small
841,1162,43.91,230.0,108.91,0.24,0.62,Elongated,1,Large
823,1120,8.6,19.0,20.49,0.57,0.75,Irregular,2,Small
227,1073,5.59,19.0,16.49,0.88,1.0,Round,2,Small
165,999,10.0,29.5,23.9,0.65,0.78,Irregular,2,Small
1223,866,19.7,122.0,51.46,0.58,1.46,Irregular,0,Medium
1136,891,13.6,46.5,37.21,0.42,1.75,Elongated,2,Small
1151,881,5.05,13.5,14.24,0.84,1.0,Irregular,2,Small
788,813,10.44,33.5,25.9,0.63,0.55,Elongated,2,Small
867,804,6.38,24.0,18.49,0.88,1.17,Irregular,2,Small
796,771,19.72,113.5,56.87,0.44,0.78,Irregular,0,Medium
801,747,11.4,50.5,28.73,0.77,0.58,Elongated,2,Small
742,728,5.39,10.0,13.66,0.67,0.67,Elongated,2,Small
918,717,7.21,23.0,19.66,0.75,0.86,Irregular,2,Small
1185,746,7.33,32.5,21.56,0.88,1.0,Round,2,Small
1199,740,14.28,91.5,42.38,0.64,0.86,Irregular,2,Small
1169,736,7.21,19.5,17.9,0.76,1.17,Irregular,2,Small
1190,736,12.81,80.5,35.56,0.8,1.09,Irregular,2,Small
1177,728,12.81,63.0,32.49,0.75,1.22,Irregular,2,Small
245,694,16.16,81.5,39.56,0.65,0.56,Elongated,2,Small
251,672,8.6,12.5,18.73,0.45,0.75,Irregular,2,Small
148,820,5.49,12.5,14.24,0.77,1.5,Irregular,2,Small
132,808,6.71,20.5,17.9,0.8,0.86,Irregular,2,Small
142,786,52.89,698.5,129.64,0.52,0.48,Elongated,1,Large
159,747,24.7,132.5,61.36,0.44,1.71,Elongated,0,Medium
109,675,11.7,45.0,29.66,0.64,0.5,Elongated,2,Small
116,663,8.94,30.0,23.66,0.67,0.67,Elongated,2,Small
116,636,12.08,36.5,28.73,0.56,0.58,Elongated,2,Small
1125,579,8.6,33.5,23.9,0.74,1.0,Irregular,2,Small
1049,589,14.14,60.0,34.49,0.63,0.4,Elongated,2,Small
1063,553,5.39,14.0,14.49,0.84,0.83,Irregular,2,Small
349,567,8.94,16.5,21.9,0.43,0.67,Elongated,2,Small
921,573,18.68,61.5,44.73,0.39,0.37,Elongated,2,Small
373,642,19.69,93.5,69.36,0.24,0.84,Irregular,0,Medium
345,635,7.07,16.5,17.07,0.71,0.5,Elongated,2,Small
1281,379,10.44,35.0,28.14,0.56,1.57,Elongated,2,Small
1293,374,6.41,18.5,17.07,0.8,1.4,Irregular,2,Small
357,491,20.25,57.5,46.38,0.34,0.45,Elongated,0,Medium
319,460,16.03,47.5,44.38,0.3,0.59,Elongated,2,Small
329,439,28.64,346.5,82.18,0.64,0.72,Irregular,0,Medium
285,408,6.08,10.5,14.24,0.65,0.43,Elongated,2,Small
304,390,13.07,76.5,35.56,0.76,0.77,Irregular,2,Small
319,391,17.0,37.5,40.38,0.29,0.62,Elongated,2,Small
319,375,7.28,19.5,19.07,0.67,0.62,Elongated,2,Small
307,375,17.71,98.5,46.38,0.58,0.81,Irregular,2,Small
969,313,5.39,13.5,14.24,0.84,1.5,Irregular,2,Small
978,305,6.08,12.5,15.07,0.69,0.57,Elongated,2,Small
1183,503,9.43,21.5,25.9,0.4,0.89,Irregular,2,Small
1237,480,11.4,51.0,35.31,0.51,1.0,Irregular,2,Small
1196,479,23.81,241.0,75.6,0.53,1.0,Irregular,0,Medium
1143,469,15.87,91.0,49.46,0.47,0.81,Irregular,2,Small
1218,467,12.37,68.5,33.56,0.76,0.69,Elongated,2,Small
1197,446,5.27,14.5,15.07,0.8,1.2,Irregular,2,Small
1258,441,6.41,23.0,18.49,0.85,0.86,Irregular,2,Small
1248,446,31.76,144.0,92.23,0.21,1.38,Irregular,0,Medium
1180,467,58.55,734.5,187.92,0.26,0.61,Elongated,1,Large
1053,425,6.67,19.5,18.24,0.74,0.71,Irregular,2,Small
1165,424,5.96,16.0,16.49,0.74,1.0,Irregular,2,Small
1199,418,5.05,13.0,13.66,0.88,1.0,Round,2,Small
1069,417,5.39,10.0,13.66,0.67,0.67,Elongated,2,Small
1077,418,13.0,37.0,30.49,0.5,0.46,Elongated,2,Small
1178,419,16.28,70.5,43.56,0.47,0.53,Elongated,2,Small
1068,406,10.0,34.5,25.56,0.66,1.0,Irregular,2,Small
1146,399,12.23,51.5,34.38,0.55,0.91,Irregular,2,Small
1128,406,26.94,227.5,83.84,0.41,0.67,Elongated,0,Medium
1110,387,9.91,47.5,27.9,0.77,1.25,Irregular,2,Small
1117,378,4.61,10.0,12.83,0.76,0.8,Irregular,2,Small
1089,358,7.07,10.5,16.24,0.5,0.38,Elongated,2,Small
1159,347,7.28,18.5,17.9,0.73,1.6,Elongated,2,Small
1135,360,51.89,453.5,168.61,0.2,0.65,Elongated,1,Large
1163,332,9.07,46.0,26.14,0.85,1.0,Irregular,2,Small
1202,267,13.62,79.5,37.56,0.71,1.0,Irregular,2,Small
263,246,6.32,20.0,18.49,0.74,0.86,Irregular,2,Small
899,176,6.71,19.0,17.66,0.77,0.71,Irregular,2,Small
1043,198,5.83,13.5,15.07,0.75,0.83,Irregular,2,Small
1046,187,15.23,60.5,41.21,0.45,0.6,Elongated,2,Small
945,156,10.0,24.5,24.73,0.5,1.12,Irregular,2,Small
964,151,15.23,82.0,41.8,0.59,0.73,Irregular,2,Small
731,59,6.08,13.5,15.07,0.75,0.57,Elongated,2,Small
